run,tsr,cp,cd,delta_cp,delta_cd,y_R,z_H,mean_u,mean_v,mean_w,std_u,std_v,std_w,mean_upvp,k
0,1.8996263271238976,0.22768156496890415,0.9080723780070471,0.04299054754784138,0.008896000000000001,0.0,0.25,0.11726982542022206,0.00046149965709719803,-0.012128696253331395,0.06369721173011479,0.05684106107539992,0.05183908989976335,-0.0003291420187727247,0.004987766124002082
1,1.8997196563585428,0.23259303155199118,0.9089622555813663,0.04298653910002923,0.008896000000000001,0.0,0.25,0.1277373552877879,0.005382224432093696,-0.019023017478141037,0.06600276295164309,0.0618099589029301,0.0529704311770111,-3.174140036260333e-05,0.005491351157955584
