run,tsr,cp,cd,delta_cp,delta_cd,y_R,z_H,mean_u,mean_v,mean_w,std_u,std_v,std_w,mean_upvp,k
0,1.9015458507168914,0.1750360192789117,0.8775177891170739,0.11941171747856391,0.024711111111111114,0.0,0.25,0.0810916979973491,-0.002812585060781289,-0.012024747035617804,0.04550100045065532,0.042447776043740594,0.03215568241628031,3.2839134564446156e-05,0.002453071322363386
1,1.8997208463129662,0.1767841423012067,0.8527462010465361,0.11940531243426772,0.024711111111111114,0.0,0.25,0.07110933391144955,0.001006463073751284,-0.0024564791903760146,0.043340827698488474,0.03897471123074396,0.02580658019234301,-2.377368227960245e-05,0.002031717521166888
