run,tsr,cp,cd,delta_cp,delta_cd,y_R,z_H,mean_u,mean_v,mean_w,std_u,std_v,std_w,mean_upvp,k
0,1.8969488910521983,0.24979360740832895,0.9409392127047348,0.006355486605752432,0.0013159763313609467,0.0,0.25,0.3927822742066308,-0.019265880962818494,-0.07441495905266969,0.18600976116783915,0.17902062943302383,0.1340595236753862,-0.0025003555704626247,0.042309986450192016
1,1.8977881265862502,0.2542574453953263,0.9494203155872446,0.006357519807073147,0.0013159763313609467,0.0,0.25,0.2856676957042794,-0.00886755637947405,-0.014268717844254122,0.18936820382563677,0.16659736699175737,0.1427357449860084,-0.004280978171359398,0.04199424610272251
