run,tsr,cp,cd,exp_unc_tsr,exp_unc_cp,exp_unc_cd,dof_tsr,dof_cp,dof_cd,y_R,z_H,mean_u,mean_v,mean_w,std_u,std_v,std_w,mean_upvp,mean_upwp,mean_vpwp,k
0,1.9004373521535554,0.1750360192789117,0.8775177891170739,0.0028433119250534317,0.049905201407179856,0.03613633679157398,9.011843767999952,9.639224820693462,10.543692695039127,0.0,0.25,0.08109169799734908,-0.002812585060781289,-0.012024747035617804,0.04550293579871135,0.042449580911230564,0.032157049783126175,3.283913456444615e-05,-0.00028957373772233987,9.82032551663892e-05,0.0024530713223633862
1,1.9003237037504077,0.1767841423012067,0.8527462010465361,0.0020529682887588884,0.05088221542219795,0.07604954455974826,9.022720601124469,10.7122373732941,9.344067666540463,0.0,0.25,0.07107905049992298,0.0010064630737512841,-0.0024564791903760146,0.043219991130127415,0.038976368565434426,0.025807678134447884,-2.377368227960246e-05,-0.00027412077215825095,7.3325264544863e-05,0.002031717521166888
