run,tsr,cp,cd,delta_cp,delta_cd,y_R,z_H,mean_u,mean_v,mean_w,std_u,std_v,std_w,mean_upvp,k
0,1.8979971662464479,0.24948875017282873,0.921708197864864,0.013261450179907324,0.002745679012345679,0.0,0.25,0.21907595752898315,0.0010442561927813936,-0.016057752642025778,0.102118334959535,0.0973182611172488,0.08213446746167145,-0.001213159667397797,0.013322534513502586
1,1.8989332725392716,0.254794393242306,0.925200737071519,0.013265268227861567,0.002745679012345679,0.0,0.25,0.23700188447726567,0.0031209170230255983,-0.024562185819596568,0.10982105110569848,0.1017806607214786,0.08998710062150567,-0.0014598262340027725,0.01525882222056308
