run,tsr,cp,cd,delta_cp,delta_cd,y_R,z_H,mean_u,mean_v,mean_w,std_u,std_v,std_w,mean_upvp,k
0,1.900387156258945,0.2476380438593398,0.9159011661208146,0.021939050082318574,0.004538775510204082,0.0,0.25,0.19471506944209052,-0.012916570422033926,-0.01926270213196437,0.08494397980030892,0.0905709577862794,0.0632169159290658,-0.0011921035305997123,0.009707478279110933
1,1.8995535095710405,0.244556931767902,0.9253056240854339,0.021933473818354435,0.004538775510204082,0.0,0.25,0.19408487304792402,0.003733545072573263,-0.020761258623343097,0.08482345979323443,0.08333482224935808,0.07220644864018913,-0.0003135279028509668,0.009676741577927417
