run,tsr,cp,cd,exp_unc_tsr,exp_unc_cp,exp_unc_cd,dof_tsr,dof_cp,dof_cd,y_R,z_H,mean_u,mean_v,mean_w,std_u,std_v,std_w,mean_upvp,mean_upwp,mean_vpwp,k
0,1.8999235073302312,0.22768156496890415,0.9080723780070471,0.0025465187656253632,0.018874002453960738,0.02897932160442296,8.004970416003587,11.967118988358314,8.286929591391647,0.0,0.25,0.11726982542022206,0.00046149965709719803,-0.012128696253331395,0.06370256331271025,0.05684583984383708,0.05184344521083172,-0.00032914201877272474,-0.0013165139874386019,0.00047114494486681494,0.004987766124002082
1,1.8997301357455074,0.23259303155199118,0.9089622555813663,0.004258614448743833,0.02482203078216943,0.034937856827676396,8.001777071795951,15.846265915439005,8.197186176897974,0.0,0.25,0.1277373552877879,0.005382224432093696,-0.019023017478141037,0.06600830916928672,0.06181515192616152,0.05297488153880656,-3.1741400362603354e-05,-0.001051562051349331,0.0006266998288669548,0.005491351157955584
