run,tsr,cp,cd,exp_unc_tsr,exp_unc_cp,exp_unc_cd,dof_tsr,dof_cp,dof_cd,y_R,z_H,mean_u,mean_v,mean_w,std_u,std_v,std_w,mean_upvp,mean_upwp,mean_vpwp,k
0,1.8985375246256937,0.24948875017282873,0.921708197864864,0.006206633523358158,0.018087979873629083,0.02545265534064229,7.0002412602896955,8.526849896155161,7.0330092284848025,0.0,0.25,0.21907595752898315,0.0010442561927813936,-0.016057752642025778,0.102134364837188,0.09733353751026609,0.08214736040068214,-0.001213159667397797,-0.0025200062828471476,0.001489620873818905,0.013322534513502586
1,1.8990629116253046,0.254794393242306,0.925200737071519,0.010374557091317458,0.02080071780879223,0.033596432814260495,7.000086361875869,8.15044943429653,7.018943254951828,0.0,0.25,0.23700188447726567,0.0031209170230255983,-0.024562185819596568,0.10983830093712595,0.10179664763129549,0.09000123509117919,-0.0014598262340027725,-0.0027027099911650773,0.0017280830560962009,0.01525882222056308
