run,tsr,cp,cd,delta_cp,delta_cd,y_R,z_H,mean_u,mean_v,mean_w,std_u,std_v,std_w,mean_upvp,k
0,1.9008128311893082,0.25281826972870547,0.9302629744154786,0.008888951243675083,0.00183801652892562,0.0,0.25,0.29490403836767676,0.0020734823407261623,-0.027448482428405495,0.15708124833616852,0.12870042034185578,0.11650531237229611,-4.503534770119492e-05,0.027405902292992848
1,1.9007379812496097,0.25218126828260146,0.931751526125339,0.008887791474015415,0.00183801652892562,0.0,0.25,0.27654472828730936,-0.022401917596223727,-0.01301038325239812,0.13931550917548932,0.14383899430368755,0.11810326690930151,-0.0003551548595686514,0.02702342451688591
