run,tsr,cp,cd,exp_unc_tsr,exp_unc_cp,exp_unc_cd,dof_tsr,dof_cp,dof_cd,y_R,z_H,mean_u,mean_v,mean_w,std_u,std_v,std_w,mean_upvp,mean_upwp,mean_vpwp,k
0,1.900813785259401,0.25281826972870547,0.9302629744154786,0.006906586828930737,0.012416256256379295,0.020914703374804024,7.00013052655617,8.454933487325002,7.021909028969863,0.0,0.25,0.29537060702494466,0.0020734823407261623,-0.027448482428405495,0.16093270906375823,0.1287261270075155,0.1165285831829491,-7.506203202019767e-05,-0.006208986401577839,0.0012564315358078823,0.02801313983404765
1,1.90057163541966,0.25218126828260146,0.931751526125339,0.004814187904841237,0.010263400748387195,0.01503405030630863,7.000268632835044,9.144043830776285,7.042410269531855,0.0,0.25,0.27654472828730936,-0.02278474430892447,-0.01301038325239812,0.13934333610259708,0.14510903913043194,0.11812685689593633,-0.00031269354720547414,-0.004695483180884898,0.0024433405127306483,0.027202708395127787
